ClientID,ClientName,ClientEmail,ClientPhoneNumber,ClientAddress,JobTitle,EmployerID,EmployerName,ClientBillingInformation,ClientOrderHistory,DateOfRegistration,DateLastContacted,PreferredContactTime,Notes
97e6aeb4-6657-4f3d-86bd-9d410d48fae9,Susan Perry,robertbrown@example.net,623-762-2644x76197,"930 Helen Well Suite 240, Dennisside, MP 67904",Marketing executive,6604d506-2ae0-4035-bb0e-c4e7deab233e,Johnson PLC,"American Express
Jake Powell
342913158278177 11/26
CID: 2942
","['14a71dcd-7d8c-4a2d-a241-2ecd4e6b77e9', '21a9469c-5ca6-47a8-82e8-5570e6dc77e6', '4011eca1-85a3-491f-bf69-5787899b52c7', 'f2c25a48-349d-4ab3-a4aa-db07a24b76cb', 'ba67e294-eef1-4dde-8905-0008cb9409ab']",2023-06-22,2024-03-22,14:14,
2264c62f-4876-47ab-9a19-f1cd0189f5e2,Sarah Perez,kaylabell@example.com,+1-353-666-9649,"3253 Murray Rest Suite 743, Harperville, GU 24109",Minerals surveyor,0d05ce70-e5d9-499d-9ddb-e6eaf43fd456,Schmidt LLC,"Maestro
Victor Velez
575262907216 03/32
CVV: 694
","['7057abfe-1216-462d-936c-4bf1ba001557', '2d2b28c3-8fa5-4da0-8a21-561db39c499a', '37408b83-aa3a-4ecb-98fb-85245733e4cf', '90506fc8-c805-4db8-ad10-fe34ea6058c9', '50556e22-2282-484a-8909-6a0a234ca54e', 'e284c1f7-79d0-4fa1-b2a5-1d105b767b0c', 'ca41daf7-41aa-470e-9200-8648b3514524']",2020-02-26,2021-10-26,08:07,
d0871e45-61e9-45e1-ade9-78438fb11c21,Bradley Stein,weberkaren@example.org,001-885-310-3515,"Unit 2917 Box 9173, DPO AA 45908",Hydrographic surveyor,9cb25990-7dd7-48de-86c3-63358c359bca,Ramirez-Carter,"Diners Club / Carte Blanche
James Morgan
38941618285689 11/28
CVC: 585
","['84e15bfc-d03f-4122-aed5-c205fd7af371', 'f84baf62-e746-4aef-b71d-42dd233ef416', 'efb22f52-5c6a-4b54-aca6-78e96052d4aa', '8ca135cc-93e5-4c85-9bc6-a9ace495681c', '4a9d3984-7bdb-42b9-b8e2-bdaed296e293', 'b88a9864-871f-41ae-9ea2-3a1b539e13f5', '2b310a91-f65a-43e9-8e3b-2899139e0269']",2021-06-10,2021-12-03,06:11,
ad5d988a-1b8e-45cb-b21c-f20fb573bf62,Michelle Wood,molinalori@example.org,(297)308-1429,"438 William Cliffs Apt. 819, Brewerport, MO 73430",Television production assistant,818e92d5-bb84-4ca0-b971-9f48f96ee0e8,Mcdaniel Ltd,"JCB 15 digit
Kathy Smith
180065038661273 12/27
CVC: 814
","['7d10eed8-cb99-442f-be0c-350bdd2218a0', 'f41982d6-4912-4af4-9538-9bf480e75074']",2020-04-27,2022-05-17,23:55,
23ca6916-2bdf-4ced-8402-30fe07ac6d87,Heather Schneider,billygarcia@example.com,001-502-415-9813x11908,"889 Tammy Divide, Port Kelly, FL 11150",Editorial assistant,249ac115-1e26-45ae-9664-415e7fb85ae4,Thompson-Larsen,"Diners Club / Carte Blanche
Justin Owen
30354706636912 06/30
CVC: 008
","['fbdd6af4-0206-42af-b715-432bff62f629', 'c6820bae-c90a-4bf0-88ba-3a3acd63aa7e', 'b70ed743-67c0-4ed1-96e5-8dab3521d057']",2021-04-28,2023-03-01,12:33,
cbc47c2a-911f-4dec-8b5f-782a412373a7,Elizabeth Miller,katrina77@example.com,(958)975-8161,"542 Johnny Points, Reyesfort, FM 27069",Aeronautical engineer,d84bd250-a2e4-4b84-947d-5f7bae7fc205,Lloyd and Sons,"JCB 16 digit
Anita Richard
3577834325914496 04/28
CVC: 925
","['138e2746-1292-4933-b7ca-16ef3e6c005b', 'bb6a60d1-7b59-4b14-90a1-d0d30eebeb85', '9ca5b27f-3d38-4186-a830-eff2e01df6f9', 'dddfbba5-1eb3-450d-981a-4fda8dcc1616', 'da68ad16-05a4-41fb-989a-a994977951c0', '4a1feb7f-764b-45ac-a247-89f2c23ff79f', 'dea8c193-0bdc-4cb6-9924-855bbf4f0341', '903b8e8f-fe06-4393-a909-6ab3d175facf', '10ff17c5-2e5a-4268-a3de-15474d3c375c']",2023-02-13,2026-07-23,14:59,
b93eddf6-a6c4-4d9c-9d1b-be864fdb58cf,Dr. Christian Miller,randyhenry@example.net,(217)768-1016x25165,"USCGC Davis, FPO AP 13389","Psychologist, occupational",33a93d39-d06d-4363-9ca0-e9364a84eac1,"Collins, Horn and Barber","American Express
Evelyn Greene
370651320626445 07/27
CID: 2436
","['2e2590a0-4464-468a-84fe-a558c4055d48', '815319c0-ff89-4eff-bf06-7813bebf492f', '7dd4f7ac-a024-40c8-bd11-5d22e1ca0c05', '09a8f367-8cdc-4fc2-8eb1-cf24a2d9fd0a', '5dffcd07-775b-4420-b727-e4cd5dd9b929', '86350ecb-a0e2-4ee7-9ed5-3ef891621bd8', '0aa3e8ae-6948-4495-bcd7-0f76365ef747', '9c1cebc3-cde8-44b1-8569-058083e4c033']",2020-09-03,2024-11-01,22:12,
ad862e98-b88e-4b4d-aa11-a5cef86454d3,Deanna Johnson,castroalejandro@example.com,893.532.1633,"8596 Smith Glens Apt. 053, Hannahside, IN 87338",Town planner,e19bf67b-0565-4b55-9e93-3b3f8aff46d7,"Turner, Best and Powell","JCB 16 digit
Jesus Adams
3541285901875309 05/30
CVC: 782
","['94a58366-1ccc-4b2e-bc11-8c34c73381d1', '5376e78c-7c1e-4807-82c0-d01ac85e01ff']",2020-10-22,2021-12-16,08:48,
9955b3b8-584e-47df-a5fc-a2caedfd19cd,Sarah Marquez,baileylittle@example.net,638-779-0952,"773 Stephanie Mall, Mcculloughmouth, CA 67979","Civil engineer, contracting",03e051c2-e8b9-4998-a098-1af143a51ec3,"Townsend, Pace and Daniels","VISA 16 digit
Heather Welch
4772993434657387 08/28
CVC: 162
","['9a83e58d-13a2-4d41-b615-5628e67f6270', '77fb5f1f-8cfa-4684-8b85-b987243f9e91', 'c80da8ab-67c9-4dc3-909f-e80d684d0814']",2020-10-16,2024-06-03,03:28,
336c6f8e-1187-4ce4-8440-dd1002c6f9c3,John Chambers,jose14@example.net,(745)473-1857x1102,"7246 Ford Ways Suite 635, North Linda, AK 57827",Building services engineer,d9c0fe98-3dc1-4906-982b-821fb92c13bd,"Mercado, Moore and Dillon","Mastercard
Kayla Douglas
2720364364168364 10/28
CVV: 459
","['51e43129-e3f9-44ae-bf0e-70dd3ca419c0', '4888309f-6dce-4c2f-86e3-9ba15a949daa', '44960488-9631-4b08-8e91-538f752468b7']",2023-04-30,2024-02-17,04:02,
239b645b-413e-4d58-9e0b-fc9df799bb8a,Frank Davis,browndominic@example.com,564-809-4440,"9767 Jeremy Loop Apt. 320, New Cynthia, NV 02825",Personnel officer,738be4b2-c69d-421b-89d3-481083362a19,Arnold PLC,"JCB 16 digit
Joshua Martin
3561441024664527 03/27
CVC: 774
",['237892b6-04e2-4985-9e9a-11beff69e6f9'],2023-04-19,2025-02-08,10:27,
5bd30942-6631-4959-bc87-57ed5d0a2482,Madeline Baker,jill06@example.org,001-966-360-0233,"081 Wood Parkway Apt. 420, Dickersonmouth, WY 74226",Sports therapist,628bb986-5fac-4969-a446-a03538f5513e,"Mullen, White and Strong","Diners Club / Carte Blanche
Jacob Reynolds
36919345676760 10/27
CVC: 209
",['06c1a349-e557-439c-b3ff-87cc5926614c'],2021-02-03,2023-10-06,03:39,
612104da-8ce8-4425-92c0-2b606db5b569,Kayla Miller,lindahunter@example.net,6024268483,"9771 Henry Glen Apt. 786, Melissaton, AL 10200",Quarry manager,7ecbd7f6-77f6-4b42-9a7f-8a42e81d08a2,"Reese, Hill and David","JCB 16 digit
Michelle Wilson
3567804608578161 06/26
CVC: 143
","['13e39a23-7c89-4ca9-8a10-9423e85e8074', 'b9953226-6d70-4b95-858a-a4d56185da83', '3ed958e8-d336-4ad7-984d-a9295300fff6', 'cd709cc0-b689-45bd-a65d-01e33e80e92f']",2023-09-10,2024-02-16,10:53,
a791deb4-c1f9-4601-a2af-9a1d1fbdb296,Jeffrey Mcbride,ogarcia@example.org,410-753-2444,"217 Gordon Walk, Roberttown, NC 00564",Psychotherapist,4a3e2ead-df57-4a4b-bd48-76be172ac4a7,Strong PLC,"Maestro
Joseph Freeman
502069445760 10/31
CVV: 606
","['d27728ca-77d5-4c50-8af2-8438cc836cc5', '4128b751-13e3-4057-b7f5-2fc33bc16814', '7a0fc4ff-8e0e-456a-bc13-f4093557d7c4', '998b9525-aea5-419f-a411-392320c2f426', '597023a8-8971-46b3-b192-30c166a85fb0']",2020-01-05,2020-05-01,01:37,
670d3d6a-780d-43bf-9e88-e393a8826f32,Isaac Phillips,brendacastro@example.com,610.595.0817,"620 Burgess Cove, Millsbury, CT 21948",Commercial horticulturist,c5749b6a-e008-4a64-9275-a76308fb822a,Long-Ramirez,"VISA 19 digit
Christina Freeman
4765912796528591435 06/30
CVC: 528
","['bc9ee34b-7b54-4e6b-8087-cdbb95e709f1', '90afcec7-ccd5-4072-a609-a196a0f25514']",2020-04-30,2023-08-22,23:30,
46b8a5db-7dc3-4930-acbc-406f7f61fc24,Stacey Carter,marissagonzales@example.net,001-376-515-0656x1659,"58614 Farmer Rest Suite 177, West Jesseburgh, NJ 64222",Geophysicist/field seismologist,102d7aa8-de0c-40f2-a551-734eb15f429a,Cunningham Ltd,"VISA 16 digit
Rhonda Simpson
4165546579005195 09/30
CVC: 561
","['aa247a5b-a52a-46a8-9a5b-31aa2ca0db7f', '1f6f3c5f-6a3b-45a4-8113-6258e01b14de', 'e70f5ff1-8ce6-4668-837d-cd236e75b004', 'd2dcd549-64b2-4e9c-9f34-0edbbe06c32e', '97d2da1c-7b61-44d3-945f-47f4c1faf3b5', '7dd054dd-d831-4879-bd1a-87c9cdbf7288']",2020-09-19,2024-01-16,22:11,
810c7f58-8b7d-4dc7-89cb-d76fe49ba8a8,Bobby Kennedy,elizabeth95@example.org,571-444-7038x490,"31281 Horton Route, Underwoodfurt, PW 56290",Advertising account planner,fc9edc4d-0570-4236-ac79-aad8c6c0f902,Flores Ltd,"Discover
Jason Curry
6011370835591968 10/33
CVC: 897
","['0b2c8141-34d4-4045-8197-9a97e3de40c2', 'db7531dd-6dd6-4ac3-9d5d-5ed49fe8656b', 'd640ca34-614b-46a9-a333-48b384a48a36', 'd9906d17-845c-48c3-a240-1485ada0dfb6', '62bad9ef-c454-4deb-a606-e3be63fbf9d3', '4a792bd0-3def-4198-84d0-48278e040536', '559476c4-f835-474d-9826-614d837a3b0e', 'ac1cb80b-401b-47c3-93b4-59d76b229bbd']",2024-02-02,2024-08-25,19:27,
6e3a600c-2d2f-460b-afdb-3a526ec491ea,Eileen Jones,dawnhicks@example.com,966.931.0503x748,"5273 Justin Brooks Apt. 919, Katelynstad, MP 19426",Industrial/product designer,d56a660a-883d-4f4c-84bb-f26adb350327,Bartlett LLC,"JCB 16 digit
Kelly Reyes
3575874862167753 06/33
CVC: 076
","['d3514c13-a3e1-40fd-8e13-a4ebbf31ebab', '8d989dcd-51c9-404d-b3bc-d46909f3bfcc', '4edf2042-52f5-4655-9f4f-f3886c97c207', 'b24ddb02-68b8-45c4-95ff-8740dec3ace8', '76656bd2-f054-441a-952a-00ae0a0c8997']",2019-10-29,2019-11-30,18:10,
cf82d0b0-8748-441f-9dd8-df1fd66ed393,Charles Sanchez,donna67@example.org,001-946-827-5428x44056,"Unit 1570 Box 4575, DPO AA 13698",Haematologist,e3c3e2a8-ea52-4ecb-897e-06b3c96356f4,"Santos, Warren and Powell","JCB 15 digit
Jonathan Buchanan
180028689535253 11/30
CVC: 214
","['82b31efc-24a7-4d75-8507-1a589ecbb5a1', 'd01480a1-69e3-4435-8dcd-582a8be013f3']",2023-10-29,2027-09-02,04:23,
b1ae62ee-9d98-4223-b5ee-3b9fff47060a,Justin Sloan,zstephenson@example.com,001-681-600-5452x267,"23927 Johnson Ridge Apt. 596, Alexfort, IN 28922","Engineer, civil (consulting)",e6567215-0658-4a0a-bd19-d08df09a8baa,Ramirez-Frost,"VISA 13 digit
Deanna Lee
4256251262683 08/30
CVC: 901
","['a208c7af-bacb-4a13-8b66-e9a1a6fd4dda', 'eebf3c5e-9417-407c-9732-12213d5241aa', 'd81c9464-a051-4d5e-ba6e-2ae4a6765220', '8486c571-5a8e-4239-91d9-82d9789284d3']",2020-06-28,2022-06-01,14:27,
dd3e9bca-a182-42da-b322-ed62e79b2440,Yolanda Fowler,daniel75@example.net,661-923-6785,"379 Gonzales Mall, Parkerville, VA 67637",Naval architect,b3442309-be99-4e68-ad7e-b4296bce404b,Clayton-Howard,"Mastercard
Jeremiah Jimenez
2278496063840723 05/30
CVV: 526
","['9b5e218a-4332-4285-bfc2-b93391af1354', '61c79466-6c10-4ae5-8709-4ad0e52044d9', '2bb04f8f-6aea-4fe5-92d6-c92e96023383', '1c761a67-fb0d-41f4-a503-37b5006c7f36', '23574ebe-2618-45fb-a2a5-3838e1e685f5', '80330de1-de53-45c5-aaa0-e6d3b1f5c116']",2021-04-14,2024-11-24,18:17,
c8731429-3aee-45d7-80f8-a26a2104376b,Ashley Kelly MD,miranda00@example.net,001-997-537-0405x517,"17173 Brandi Camp, Bridgetton, MI 81897","Radiographer, diagnostic",2863add9-892f-445f-baad-844684f59f70,"Farmer, Byrd and Davenport","VISA 16 digit
Rebecca Bautista
4204340417164460 12/31
CVC: 809
","['fdc26874-f0e5-4923-9697-dea628f1a311', '5d0ddf26-78ba-4415-b208-d65a1f0c224d', '460a4c85-6e10-4073-bc48-6d217b7bd296', '423899eb-0f0b-4b58-a1cc-0fe52dd7e734']",2019-10-02,2023-02-21,13:33,
8b4828c7-808f-42b9-b89a-5a43fe7373a1,John Levine,michaelcastillo@example.com,+1-844-732-3890,"2109 William Vista Suite 655, Blakeshire, AR 13261","Civil engineer, contracting",335d7bd7-9b35-46e2-b212-61f5656ad953,King-Armstrong,"Diners Club / Carte Blanche
Benjamin Castillo
30167491219839 11/32
CVC: 639
","['6efc42a3-0111-4dcf-8840-b377f60545a6', '82852f4c-bd4a-470e-ad07-173cc4b754ea', '5525556b-f8f9-4097-9bb2-c7b698c2aee5', '4b83a1e7-a8f1-4181-8081-a11def606f12', '3e0d80fe-a620-406a-86a7-90f88d784e65', 'b9803341-2af6-4a3b-b94a-86aa836ac3ac', 'a17812f4-c965-4da7-96c5-c38506796e76', '1c99f3c5-57eb-4ede-aca5-1eb2aaf83f03']",2020-03-16,2023-11-28,20:23,
2d5b71dd-2a15-4355-9464-916ebd86fc07,Andrew Olson,richard72@example.org,574.276.6035x01777,"253 Shawn Extension, New Katherineshire, MO 53048",Production engineer,0ae9b579-a289-49d1-a5ea-e883ec7b8978,Roberts-Russell,"JCB 15 digit
Karen Diaz
213185684265376 11/31
CVC: 829
","['7c509fdd-bc55-4e84-9ea8-6313be5ed54c', '01779d06-c939-4da7-8513-2c9769504a51', '6986025f-f7a8-4801-a21e-7112f8943232', 'ff2341b2-ce54-4b16-91fc-88e66ffc4d86', '3cde5dd9-52ed-4eb9-a5c8-238bfad2ebf8', 'a40e726c-ea90-4523-a033-f46b9526a498']",2021-09-24,2022-11-14,04:14,
dbe6061f-07e8-4edf-9a4f-51b1f7d3687b,Kevin Cooper,lgreen@example.org,001-242-854-3224x20153,"207 Richardson Mountain, East Debra, MA 72126","Horticulturist, commercial",e49cbc78-df86-43d6-bac7-9e38ab4f9925,Gomez-Johnson,"Mastercard
Dorothy Miller
2273954554550222 04/26
CVV: 768
","['68f8a11c-9d30-47dc-bbdd-305642f9b2ca', '70e825de-d49e-4f73-8135-ae8d7cc0c1f6', '0ba54b77-e12a-42f6-94cd-09067a451853', '0ef8e181-d544-41ce-9ca3-64d43bff5f42', '1a5d7e9b-088f-4868-9421-053f540485da', '961c6432-df1f-4823-8ddd-cab26d502876', 'd8a982fc-33f5-47fb-8423-893e5cd6aa93', 'eb5e106e-5b8f-469d-8995-2eb0b245378d']",2019-10-14,2024-08-16,10:15,
f9075e0f-b790-4a22-9106-3106e243a417,Louis Anderson,martinezsandra@example.net,774-887-9080x868,"6849 Pamela Cove, Sloanberg, IN 25663","Physicist, medical",c67133e0-7a51-4f65-84ca-05b66c895820,Mooney PLC,"Mastercard
Noah Perez
2296840154751984 09/31
CVV: 476
","['b75c9ab8-a99a-4019-84b6-91ba6de62332', '1fdab35d-2b72-49eb-b72b-9df4413063c1', '534e51d4-77e6-4b29-aa0e-8506a24a0ba9', '68a9cab7-5f6b-4cca-916a-38c8473cd29a', 'b40ff785-e5b9-451e-80e6-8dc114be7913', '15ae49fa-e778-42db-8f83-0bc8d780acaf', 'e5b03bea-14d2-4171-ae26-5229a149863e', 'a932cb2c-c9f4-4132-8cf0-a5de4ed69f03', 'b8f1e673-2104-4cdd-9c0f-78338b903363']",2019-09-20,2021-05-08,10:00,
864e61ad-5714-423e-a1bc-9712dc6994ca,Kathryn Hopkins,joanngilbert@example.net,(203)432-9672x157,"6683 Terry Lakes, Nicholasstad, UT 65825",Museum education officer,da79615e-10f9-446a-8567-d021a28c710c,"Diaz, Mora and Mckenzie","JCB 15 digit
Brianna Mclean
180040231830173 10/31
CVC: 372
","['b18ce8dc-85fd-4160-9c8a-250f0e15dcac', 'f3f2e988-a896-49ad-b234-df15cb013cc8', '5e81c2a0-db6b-4de9-9202-f61a55d48ae4', '077fa022-086a-4826-b523-4f8c1b147ef4', '74b46bbb-6a61-456e-8bf0-9d3e9957b39f', '49fa63e0-5eed-4df9-a147-d8cf088405e9', '6d77bd91-7857-4aac-b454-8abc1b21d3dd', '01f1cb81-80d8-4d01-a886-15f53c36022b']",2022-02-19,2026-01-30,07:40,
b2cb8264-97dc-46bd-9c4b-203e65ffd6b3,Savannah Meyer,wpeters@example.net,546.794.3672x927,"Unit 9725 Box 2687, DPO AP 60008",Further education lecturer,0fe3b895-c8b1-4b1c-8e8e-d21c692881f6,"Goodman, Johnson and Vincent","VISA 16 digit
Rebecca Torres
4957256865975885 02/28
CVC: 242
","['0695de4c-d818-4cff-8c33-09bb77cfbe7c', 'f0b56df9-ce3a-46fd-94b3-ac913e8bc379']",2021-08-06,2023-08-06,09:00,
66b540be-0571-43c3-b98c-fa61ff521aa5,Julie James,figueroamiranda@example.net,405-727-3198x7020,"642 Michelle Wall, North Michael, NC 40286","Scientist, research (life sciences)",7d64fd99-66be-439c-9ea6-7be22d5caa99,Spencer Group,"JCB 16 digit
Mindy Gibson
3593751803345748 07/24
CVC: 721
","['6dca41a6-37a9-4429-8ce9-4d4d07f94aac', 'a009d260-dbc8-4a07-a340-5e360391e9f9', 'd8cd54b4-d1de-4c9d-9470-93982e06fcb3']",2023-05-27,2027-04-05,18:00,
d1f37b1d-05ce-46bc-a53d-fc02e529bd69,Derek Bennett,tristan02@example.net,6596991638,"88420 Weeks Mountains Suite 808, East Kaylashire, OH 53371",Hospital doctor,58797273-324e-41e2-adf5-e591accd7993,Mann PLC,"VISA 19 digit
April Gray
4887191506705842350 02/32
CVC: 476
","['33a6a27e-58e5-429c-ac86-9add00d65ce2', '99bd38ee-0cdf-4749-9026-704ce1e04197', '013210a6-9286-4480-a0e1-705a9390d0ad', 'b3254aaa-055b-4747-8bd0-b76569dc300a', 'd86cd78a-0cda-4d7b-876b-a46fc408a70c', '1d552cde-2473-4a3e-9aa6-5ea4598b1425']",2020-06-18,2023-10-04,02:32,
bf3c20be-b511-436a-96f1-e78f495dc1a7,Cesar Davis,torresthomas@example.com,431-356-3910x7038,"39780 Erica Extensions, Littleview, MO 13835",Site engineer,29609e18-1378-49d6-9ecd-022b9691ae4c,Stevens PLC,"VISA 16 digit
Stacy Mcmillan
4040025998699681 09/33
CVC: 234
","['ab8c1c61-d6ba-47dc-8861-617fad402c17', '96baae47-3365-4db6-bb9d-012cefd8f69b', '32604ad4-e9de-4b83-822f-db416c0fc9dd', '95c01913-010c-495e-aab9-5c9c482c5451']",2021-12-12,2022-03-18,23:30,
fbc56892-1295-478a-ba14-43139df267e9,Craig Little,lwatts@example.net,+1-577-648-4792,"78061 Marquez Street, Kyleborough, UT 35149",Archaeologist,f4121273-44dc-4b41-b3a1-7c485bb9a061,"Rodriguez, Mitchell and Perez","VISA 16 digit
William Collins
4981417880614418 03/31
CVC: 039
","['80d937b9-aefd-4092-ba34-3ca5070145fa', '59a81d49-48f8-4286-8e6f-041001cf1054', '24f98adf-8692-4ebc-b7b8-711998db7147', 'cf601649-a7a7-490f-a7b1-481807b651f8', 'fafb838b-1eaf-4eca-baf1-80620d32b533', 'c7776f62-e16f-465b-8845-d76aac0e9fe3', '80bba247-4cf8-4f6b-8507-2b859aadecba', 'b1e754f9-eec2-4d49-b4a8-f0dcaff199a6', '99b39971-0629-4ec2-8ccc-3d735356ece4']",2021-08-20,2022-12-10,07:06,
f1988960-5212-4260-9126-c4a5b102b4c5,Adam Walsh,melissa25@example.net,831.329.5338,"960 Bass Lane, Bradleymouth, SC 63862",Biomedical scientist,dd4c1b8b-9746-4ce5-ba5a-ffb6a4cd105e,Montgomery Group,"VISA 16 digit
Gary Clark
4185858727107203 01/34
CVC: 264
","['2601928b-1d4d-4f0e-8cf3-cdc59e0f2ae2', '2edc6876-ee46-4225-a601-c6ffcc329cbd']",2020-06-25,2024-10-19,09:30,
fa5295fb-3b24-4f05-95bd-a802a7084dc7,Stanley Hays,johnhernandez@example.org,473.484.5579x1115,"9625 Andrew Views Suite 237, Osborneborough, MA 88256","Accountant, chartered certified",3841aa32-f679-439a-a734-ff728a7de49f,Bray-Dixon,"American Express
Gary Stevens
344880715798625 12/25
CID: 7852
","['9438bfb0-16f0-4df9-9c8a-07a89192c67e', '9b44a25b-e378-4023-8ea0-6ea387f23e3f', 'e0ec6cb6-3e08-4ae8-81fb-0fe8a628d994', '474bac7b-a102-443a-92c3-5648507ec2b5', '952c11cf-e1a5-4b9f-8e82-5a318fe5d4be', 'e2ddff2d-9484-4fb0-90cf-ec54b5bc480e']",2021-01-23,2022-05-25,22:35,
28e7fa22-6931-4ac8-80e0-c60f7f29157a,Jose Martinez,ilowe@example.net,(214)364-8811x143,"34593 Rodriguez Corners Apt. 145, New Loganfurt, CA 36621",Professor Emeritus,dd62adab-efee-4411-81c1-4e7e19133a41,"Shelton, Henderson and Brown","VISA 13 digit
Caroline Martinez
4601758375563 01/30
CVC: 583
","['a934720c-6f8a-4128-9bba-8ddc23c324a9', '9bfb07f0-5e29-405f-96c7-fea366f3a796', 'd8e95cf5-32e0-4db7-baea-22c11cf9f73b', '3a4617c6-bfac-4f4e-a2e3-1fa77da8e2cf', 'db878f04-bcd6-424b-8ae4-dcbc0416c07e', 'ccb7a1fe-65ab-4722-a140-06b7cbc5215f']",2021-09-05,2023-08-27,10:47,
a15979ba-1ea6-4ab3-adb4-5ebfcdea4fc3,Steve Evans,ericdavis@example.org,(364)979-6779,"05925 Julie Fall Apt. 981, Brownside, PW 60796",Bookseller,74c0858d-ec59-42c4-a31b-121026664788,Gordon and Sons,"Mastercard
Cody Bell
2483230415453971 08/30
CVV: 759
","['ddb43aef-5060-4510-b29e-845629cb3e96', '5d24e95a-a0f0-4810-b88a-5b5228e76503', '8bfa4c58-c1fd-4dcc-afd2-a1ab60de425f', 'c123dc8d-2076-444c-b553-7fac4ce4871c', '3b41714c-9bfb-42ff-9b96-924d222ebefd', '384796e7-557b-4148-9816-775a2fb96c21', 'd9dad805-ac11-4547-aa44-d579a4cf74ae', 'e1cc0e08-33d0-4599-9ae8-1e230ddfa264', '69a310ee-a08e-47d6-ba44-7307cb9af447']",2021-03-14,2024-12-27,13:50,
c73d539a-a447-46aa-82d4-9d593e3958c1,Shannon Higgins,ojohnson@example.org,(886)776-1137x10543,"680 Morris Divide Suite 064, Williambury, UT 49945",Community education officer,54c7112a-fcbb-4ccf-8ee8-17caca0b4d91,"Santana, Hatfield and Russo","JCB 15 digit
Kelly Goodwin
213136378057264 03/25
CVC: 139
","['5cceb491-4457-4d22-bde0-5efcaec5558d', '415da54c-23d9-4d7e-9496-1d4e2d269478', '431bc22a-f3b1-4e9f-acf6-49e24d543b7c', '89ec66ac-fe71-44fe-8b58-5276ea86ff31', 'ee82d5c8-7e54-48d3-aeed-2fc7bb8fe25a', 'a29b0f0f-d31a-4d31-9369-37dd8dbc3ba0', '50306006-2c62-49b2-81d6-ea3760cbe4eb', '6b8c7a03-087c-41c3-9a70-a7448b5d5eec']",2020-05-14,2022-04-23,00:57,
3be238e5-f5f3-454a-bae0-3364faca7749,Joy Patel,jennifer96@example.com,+1-881-322-6205,"4540 Vega Parkway Suite 002, East Douglas, MN 56533",Printmaker,04abb3e7-77d5-4d3e-b14d-9fe75ba1563f,"Hodges, Reyes and Hill","Discover
Susan Parks
6536710987274911 12/30
CVC: 636
","['a3742bcd-f283-44fe-a0cc-d002b5bc11a7', 'd53d6243-600d-4cc1-ad52-dc0d22b5e2e6', '086009c8-6edb-48cf-a031-4584873142ae', 'fa030f69-0278-4325-8f79-2f1d0d5dd6b3', 'a43412d5-69e0-416e-a079-b8a962673b95', '3f7fb87a-e1e6-416e-a55e-5504f3b92efb', 'dba3dd21-ee31-4e23-8e86-10c1451df72d']",2023-10-29,2025-05-09,08:06,
cd20c197-53f2-4ec9-a618-29b4c120b35b,Seth Taylor,jordanmadison@example.com,7403656292,"PSC 5875, Box 8590, APO AP 24679","Editor, film/video",b515a31b-429d-4060-b516-c749f07483e2,"Downs, Perez and Martinez","American Express
Cassie Watson
344329154467953 01/32
CID: 1304
","['f5cdf709-8b78-4f92-990b-ceca5f73e392', '5f9144b7-8866-4757-9772-0ee1eb013c36', '1cf7a1eb-6135-45a4-9cbc-d4b410c04e9f', '87b4981f-5113-4127-a255-45673034db45']",2023-03-30,2025-06-02,19:46,
c01a5b2f-f970-4b5a-bc4a-3fb2b6232039,James Higgins,odunn@example.com,001-741-935-3126x23131,"695 Walters Plain, West Cathy, TX 33125","Teacher, special educational needs",687145d9-362a-4766-9de2-7902bb39ab30,"Sullivan, Hansen and Taylor","VISA 19 digit
James Glenn
4768476737389954405 12/26
CVC: 614
","['ca7c4fba-823e-475c-ab74-8e9b0ef01430', '0789a70a-099c-4296-bae7-ed564d04c75b', '46c743d4-b2fd-40fe-88b2-e74fbbc62fbb']",2023-08-02,2028-01-07,17:06,
d6e576ea-f0b8-442b-99b5-5c994ad13653,Mary Hawkins,kathrynhill@example.com,7353693557,"2997 Williams Prairie Suite 953, North Markfort, WI 35413",Public relations account executive,5e1a6bdd-4424-48a6-803f-f9054281d054,Moon-Goodman,"Maestro
Justin Patrick
630426322685 02/29
CVV: 669
","['02564c50-9882-4be7-b015-2fb8a0f4c0c1', 'eeae168f-1f10-4467-81ac-a5ec8d76f703', '32dcd9fa-c960-4e55-a9f7-3ae562b36524', 'a7b212c7-5e82-4532-86c1-865ff7ceeebd', '0f93c721-64ed-4b0b-927d-e11d4f33cdb5', '4a545020-0880-4cc3-ba3a-049471d90dde', '6c17a9ae-9cb5-44c9-9502-a2fcabbb3648', '8e4f8af0-ff57-4fa7-ae69-9316f582598c', '19ddc598-4c63-4ca8-a930-0afd23d88df0', '13deb38f-f78e-4073-a67c-21ce679c1a98']",2019-07-19,2022-01-19,02:10,
9fc1b14d-491b-4a60-865a-7bc671e62c8b,Kevin Thompson,michael27@example.com,+1-676-776-7833,"0587 Chelsea Rapid, Vasquezfurt, WI 56945",Logistics and distribution manager,43020b6c-6c2e-47ff-9118-e31ebeea6f03,Gillespie PLC,"VISA 13 digit
Susan Graves
4798918886727 07/27
CVC: 875
","['6eb5fc1e-ad4f-4d78-a8fd-092d5bf6ec9e', 'd65cda03-8952-4608-be68-5e418d6c2f4e', 'f90234e6-3505-43a9-83e2-6711bf481d46', 'bf0a37af-e489-4509-9db8-e8a2ba2a2912', '40f2f9c3-2126-4b09-a5a9-178ae4172108', '6dd61a47-ba2b-424a-8f9a-0443181f5d7d', 'b0a0d856-888f-4a98-97e2-bc5cac71e3fa', 'cf8540ef-45a7-4e5b-a3fd-cf8363940605']",2020-05-31,2020-11-01,10:38,
4c819782-86d2-4c83-8aef-5c11cc3616ee,Ryan Bond,caitlin45@example.net,303.511.6568,"3807 Cynthia Views Apt. 676, South Jessica, PA 58085",Government social research officer,aefc67f5-fe26-42bb-a438-ba01154e306b,"Miller, Smith and Mcdaniel","VISA 19 digit
Janet Taylor
4401996521290356176 01/25
CVC: 444
","['aa2aa69c-796f-49d8-962a-fbd040e6d065', '0f0ca5a6-ead0-4924-a4d0-4fbd12c745f3', '448644a7-3547-411e-8535-7755bba408f2', 'f6bd5e84-8b9b-4d97-83de-bde3b67c47ba', '443c2b85-afa1-4730-8cff-7f445943ad0b', '95b3a69b-23eb-4059-adc7-0969396a7a80', '986fb466-8601-48a9-9a98-98e837e00844', '34fd094e-b3cf-481f-a846-31fa7a6ae788']",2022-09-08,2023-09-14,23:01,
eda9d219-37d9-4e38-b96d-281a4da89ebe,Samantha Williams,pgrant@example.net,455-813-8424x84737,"50998 Christensen Underpass, Patriciaton, NM 55876",Economist,4ca91f53-2993-40b0-9b8a-22174444cc17,Yang Group,"JCB 15 digit
Amy Stanton
213113307456529 05/25
CVC: 186
","['b21ddb45-ac9f-422a-95bb-bd90788947c0', '7861dab6-67bd-405f-88b4-19803022e262']",2020-12-09,2025-08-24,20:38,
3edccb6c-bfc4-4821-a118-d6b5900a2580,Jennifer Hudson,erin63@example.net,(821)654-0634x98387,"113 Alicia Key, West Timothyburgh, NY 51117",Economist,e90ecef7-9535-4b3b-9485-07dd7cd83e47,Lopez-Wagner,"JCB 15 digit
Patricia Smith
213121944426763 07/33
CVC: 815
","['8a5d2bef-da7d-48af-a30d-dd0d5f3d643d', 'ac6312be-dc8d-4cca-a893-a3772a76633f', '46b75435-3a8e-4878-8e9d-29e47d3b9048']",2024-02-27,2027-01-06,21:25,
6f79907e-da67-4e49-b3ca-b71c9d92c74f,Joshua Stone,cheyennegonzalez@example.com,001-882-314-4599,"28784 Hines Gateway Apt. 664, Douglaschester, KS 91411",Naval architect,9d4e70a3-b1e7-42e5-b40d-c09a5bd53022,Shaffer Ltd,"JCB 15 digit
Kimberly Poole
180085713124884 01/33
CVC: 497
","['65c6f118-504b-49b9-9eca-b30559593242', '0f278839-1dfa-4dfd-a07d-c59843d18699', '3b514b3e-53e8-4d5f-ba6c-d505529248b0', '435256a4-fe68-4062-ab3e-48371f6be953', 'a5a211c6-5ecc-4611-9a8e-52223d199efa', '063bcbaf-44e9-4056-af49-81b26aff04f9', '8eb24d75-b4a7-4952-b339-5d99a02c7a7d', '518b0b8d-a48d-477d-8280-6e42bc45d729', 'ee9df31b-8baa-4e91-96ba-fc3999be1e6f']",2020-05-01,2024-10-10,05:34,
1df60ac7-368f-4899-965f-c6b0ab7c9525,Amy Knight,howardkyle@example.com,(513)234-7112x8059,"0864 Jennifer Parks Suite 073, West Jeremystad, NM 90397",Theme park manager,2bad0410-56c9-4742-82d0-360466aee0d7,Stevenson Ltd,"VISA 16 digit
Richard Allen
4100261088715007 09/28
CVC: 400
","['c3b06e3b-0f5a-4646-9c4c-67aebfd44119', '1bfec6ac-69ab-43d1-af4e-6bcb8e23d9fc', '1acf26d5-5a30-42a4-8d59-20a209d1cbb7', '7cfaba7a-83ad-4013-b9d4-8cf63aac032d', 'bbd2d828-5d02-4569-930a-3ec2a16bba04', 'e447050f-3541-4e57-b1c6-1d5b335200bd', 'ed63368e-95de-437a-af43-e2681e11a662', 'f1308303-c01a-42f1-9de6-0fc9fcbdcce1', 'ee68e49a-ec27-4051-8ca6-aff3eec6f2e8']",2024-06-22,2028-01-04,21:47,
f63e6456-6d39-49dd-9219-a845a639f505,Alyssa Bowers,donnavelasquez@example.org,001-936-458-5716,"142 Melissa Stravenue, Mooreborough, NC 45255",Human resources officer,7b017c3e-143e-4ecf-b5f2-482f590d8b23,"Shelton, Bruce and Jackson","VISA 19 digit
Brittany Brock
4363668671998348634 10/24
CVC: 857
","['d23cfe87-b1ae-4876-86db-78eaf4e321c7', '878f78ef-0577-4e94-9fea-09bcf30af968', '3f4f06f5-2d76-4267-8999-354b974bbdbf', '4d82370c-63c3-4030-a817-274c5052f20c', '86179b6a-b6b4-4e6b-8e90-8fd2d8588547']",2023-02-09,2025-07-11,01:00,
9d4d0344-8306-4699-a6b2-dc1ec019dda9,Michelle Taylor,peter47@example.org,001-347-890-8479x82181,"PSC 7656, Box 8781, APO AA 88723",Chiropractor,bb2e41a7-9e95-4930-9010-872e335a1b90,"Brown, Torres and Adams","Discover
Nicholas Gonzalez
6559234052787188 01/33
CVC: 783
","['3c462463-6e92-44b0-968d-c5d83a4524bd', 'a1c5a557-b181-4a6d-ba33-ba74c68ffb9f', 'a7216d4f-6ac3-4086-9efa-53b9495b1fa9', '8c02a1dd-00f3-4bb7-8a8f-8819141d5aca', '180694b0-d440-4489-9e68-437d8032b733', '4386e6d0-51f4-4507-9228-37b69b843c75', '43b51238-c198-4d82-9852-6c3092c848e4']",2021-03-20,2021-03-26,15:37,
1c406f55-c553-458d-98ee-f9461e70518b,Michael Wilson,omeyer@example.net,(890)293-5603x2761,"08108 Danielle Mews, South Jeremy, IA 44494","Nurse, learning disability",d48b5b4d-c58c-4fe3-a69e-e9fb664cbf01,Bowman-Terry,"JCB 15 digit
Karen Cooke
213159802013752 04/28
CVC: 116
","['bc80bc72-3183-4c1c-b738-6c35e6b98465', 'abf9034d-1ff1-4cf7-ae37-9f3166e7a050', '35de3b4e-6e85-40f0-9d72-06e705fede5b', '4c07c2b5-ba95-4b0d-acaa-bbacb707d423', '8683b277-3690-4989-9132-e785434bfc65', '5f1ae3b1-b7d3-49b3-b6cc-d73384472d43', '21ce7573-5968-457e-ae7a-a68bcbaa9b40', 'fa3e020f-bb11-4b45-9be2-1b0785a9b1ec', '3255b36b-7389-4d8f-beac-3242db600d32']",2021-12-14,2024-11-19,05:41,
